<?xml version="1.0" encoding="UTF-8" ?>
<!-- This is a WordPress eXtended RSS file generated by WordPress as an export of your site. -->
<!-- It contains information about your site's posts, pages, comments, categories, and other content. -->
<!-- You may use this file to transfer that content from one site to another. -->
<!-- This file is not intended to serve as a complete backup of your site. -->

<!-- To import this information into a WordPress site follow these steps: -->
<!-- 1. Log in to that site as an administrator. -->
<!-- 2. Go to Tools: Import in the WordPress admin panel. -->
<!-- 3. Install the "WordPress" importer from the list. -->
<!-- 4. Activate & Run Importer. -->
<!-- 5. Upload this file using the form provided on that page. -->
<!-- 6. You will first be asked to map the authors in this export file to users -->
<!--    on the site. For each author, you may choose to map to an -->
<!--    existing user on the site or to create a new user. -->
<!-- 7. WordPress will then import each of the posts, pages, comments, categories, etc. -->
<!--    contained in this file into your site. -->

	<!-- generator="WordPress/5.9.2" created="2022-04-01 18:24" -->
<rss version="2.0"
	xmlns:excerpt="http://wordpress.org/export/1.2/excerpt/"
	xmlns:content="http://purl.org/rss/1.0/modules/content/"
	xmlns:wfw="http://wellformedweb.org/CommentAPI/"
	xmlns:dc="http://purl.org/dc/elements/1.1/"
	xmlns:wp="http://wordpress.org/export/1.2/"
>

<channel>
	<title>Crash Course Site</title>
	<link>http://crash-course-site.local</link>
	<description>Just another WordPress site</description>
	<pubDate>Fri, 01 Apr 2022 18:24:26 +0000</pubDate>
	<language>en-US</language>
	<wp:wxr_version>1.2</wp:wxr_version>
	<wp:base_site_url>http://crash-course-site.local</wp:base_site_url>
	<wp:base_blog_url>http://crash-course-site.local</wp:base_blog_url>

		<wp:author><wp:author_id>1</wp:author_id><wp:author_login><![CDATA[adming]]></wp:author_login><wp:author_email><![CDATA[dev-email@flywheel.local]]></wp:author_email><wp:author_display_name><![CDATA[adming]]></wp:author_display_name><wp:author_first_name><![CDATA[]]></wp:author_first_name><wp:author_last_name><![CDATA[]]></wp:author_last_name></wp:author>

		<wp:category>
		<wp:term_id>1</wp:term_id>
		<wp:category_nicename><![CDATA[uncategorized]]></wp:category_nicename>
		<wp:category_parent><![CDATA[]]></wp:category_parent>
		<wp:cat_name><![CDATA[Uncategorized]]></wp:cat_name>
	</wp:category>
				<wp:term>
		<wp:term_id>2</wp:term_id>
		<wp:term_taxonomy><![CDATA[nav_menu]]></wp:term_taxonomy>
		<wp:term_slug><![CDATA[footer]]></wp:term_slug>
		<wp:term_parent><![CDATA[]]></wp:term_parent>
		<wp:term_name><![CDATA[Footer]]></wp:term_name>
	</wp:term>
		<wp:term>
		<wp:term_id>3</wp:term_id>
		<wp:term_taxonomy><![CDATA[wp_theme]]></wp:term_taxonomy>
		<wp:term_slug><![CDATA[genesis-block-theme]]></wp:term_slug>
		<wp:term_parent><![CDATA[]]></wp:term_parent>
		<wp:term_name><![CDATA[genesis-block-theme]]></wp:term_name>
	</wp:term>
		<wp:term>
		<wp:term_id>4</wp:term_id>
		<wp:term_taxonomy><![CDATA[nav_menu]]></wp:term_taxonomy>
		<wp:term_slug><![CDATA[main-menu]]></wp:term_slug>
		<wp:term_parent><![CDATA[]]></wp:term_parent>
		<wp:term_name><![CDATA[main menu]]></wp:term_name>
	</wp:term>
		<wp:term>
		<wp:term_id>5</wp:term_id>
		<wp:term_taxonomy><![CDATA[wp_theme]]></wp:term_taxonomy>
		<wp:term_slug><![CDATA[twentytwentytwo]]></wp:term_slug>
		<wp:term_parent><![CDATA[]]></wp:term_parent>
		<wp:term_name><![CDATA[twentytwentytwo]]></wp:term_name>
	</wp:term>
		<wp:term>
		<wp:term_id>1</wp:term_id>
		<wp:term_taxonomy><![CDATA[category]]></wp:term_taxonomy>
		<wp:term_slug><![CDATA[uncategorized]]></wp:term_slug>
		<wp:term_parent><![CDATA[]]></wp:term_parent>
		<wp:term_name><![CDATA[Uncategorized]]></wp:term_name>
	</wp:term>
			<wp:term><wp:term_id>2</wp:term_id><wp:term_taxonomy>nav_menu</wp:term_taxonomy><wp:term_slug><![CDATA[footer]]></wp:term_slug><wp:term_name><![CDATA[Footer]]></wp:term_name>
</wp:term>
	<wp:term><wp:term_id>4</wp:term_id><wp:term_taxonomy>nav_menu</wp:term_taxonomy><wp:term_slug><![CDATA[main-menu]]></wp:term_slug><wp:term_name><![CDATA[main menu]]></wp:term_name>
</wp:term>

	<generator>https://wordpress.org/?v=5.9.2</generator>

		<item>
		<title><![CDATA[Hello world!]]></title>
		<link>http://crash-course-site.local/?p=1</link>
		<pubDate>Fri, 01 Apr 2022 16:37:35 +0000</pubDate>
		<dc:creator><![CDATA[adming]]></dc:creator>
		<guid isPermaLink="false">http://crash-course-site.local/?p=1</guid>
		<description></description>
		<content:encoded><![CDATA[<!-- wp:paragraph -->
<p>Welcome to WordPress. This is your first post. Edit or delete it, then start writing!</p>
<!-- /wp:paragraph -->]]></content:encoded>
		<excerpt:encoded><![CDATA[]]></excerpt:encoded>
		<wp:post_id>1</wp:post_id>
		<wp:post_date><![CDATA[2022-04-01 16:37:35]]></wp:post_date>
		<wp:post_date_gmt><![CDATA[2022-04-01 16:37:35]]></wp:post_date_gmt>
		<wp:post_modified><![CDATA[2022-04-01 18:24:21]]></wp:post_modified>
		<wp:post_modified_gmt><![CDATA[2022-04-01 18:24:21]]></wp:post_modified_gmt>
		<wp:comment_status><![CDATA[open]]></wp:comment_status>
		<wp:ping_status><![CDATA[open]]></wp:ping_status>
		<wp:post_name><![CDATA[hello-world__trashed]]></wp:post_name>
		<wp:status><![CDATA[trash]]></wp:status>
		<wp:post_parent>0</wp:post_parent>
		<wp:menu_order>0</wp:menu_order>
		<wp:post_type><![CDATA[post]]></wp:post_type>
		<wp:post_password><![CDATA[]]></wp:post_password>
		<wp:is_sticky>0</wp:is_sticky>
										<category domain="category" nicename="uncategorized"><![CDATA[Uncategorized]]></category>
						<wp:postmeta>
		<wp:meta_key><![CDATA[_wp_trash_meta_status]]></wp:meta_key>
		<wp:meta_value><![CDATA[publish]]></wp:meta_value>
		</wp:postmeta>
							<wp:postmeta>
		<wp:meta_key><![CDATA[_wp_trash_meta_time]]></wp:meta_key>
		<wp:meta_value><![CDATA[1648837461]]></wp:meta_value>
		</wp:postmeta>
							<wp:postmeta>
		<wp:meta_key><![CDATA[_wp_desired_post_slug]]></wp:meta_key>
		<wp:meta_value><![CDATA[hello-world]]></wp:meta_value>
		</wp:postmeta>
							<wp:postmeta>
		<wp:meta_key><![CDATA[_wp_trash_meta_comments_status]]></wp:meta_key>
		<wp:meta_value><![CDATA[a:1:{i:1;s:1:"1";}]]></wp:meta_value>
		</wp:postmeta>
							<wp:comment>
			<wp:comment_id>1</wp:comment_id>
			<wp:comment_author><![CDATA[A WordPress Commenter]]></wp:comment_author>
			<wp:comment_author_email><![CDATA[wapuu@wordpress.example]]></wp:comment_author_email>
			<wp:comment_author_url>https://wordpress.org/</wp:comment_author_url>
			<wp:comment_author_IP><![CDATA[]]></wp:comment_author_IP>
			<wp:comment_date><![CDATA[2022-04-01 16:37:35]]></wp:comment_date>
			<wp:comment_date_gmt><![CDATA[2022-04-01 16:37:35]]></wp:comment_date_gmt>
			<wp:comment_content><![CDATA[Hi, this is a comment.
To get started with moderating, editing, and deleting comments, please visit the Comments screen in the dashboard.
Commenter avatars come from <a href="https://gravatar.com">Gravatar</a>.]]></wp:comment_content>
			<wp:comment_approved><![CDATA[post-trashed]]></wp:comment_approved>
			<wp:comment_type><![CDATA[comment]]></wp:comment_type>
			<wp:comment_parent>0</wp:comment_parent>
			<wp:comment_user_id>0</wp:comment_user_id>
							</wp:comment>
					</item>
					<item>
		<title><![CDATA[Baby Unicorns]]></title>
		<link>http://crash-course-site.local/baby-unicorns/</link>
		<pubDate>Wed, 09 Feb 2022 21:00:24 +0000</pubDate>
		<dc:creator><![CDATA[adming]]></dc:creator>
		<guid isPermaLink="false">https://myremixapp.wpengine.com/?p=6</guid>
		<description></description>
		<content:encoded><![CDATA[<!-- wp:paragraph -->
<p>I'm baby unicorn flannel adaptogen, tousled waistcoat fingerstache tofu echo park post-ironic sustainable craft beer iceland. Letterpress polaroid succulents meggings four loko intelligentsia meditation. Ramps humblebrag photo booth, kogi portland stumptown gastropub. Cronut narwhal brooklyn, scenester raclette ennui thundercats freegan pickled selvage helvetica twee actually.</p>
<!-- /wp:paragraph -->

<!-- wp:paragraph -->
<p>Kale chips poke chicharrones, umami authentic forage disrupt blog salvia actually. Wayfarers live-edge gentrify sriracha vexillologist mumblecore schlitz af bespoke lyft deep v poke skateboard umami. Pop-up typewriter activated charcoal poutine sustainable polaroid. Hella pinterest squid cray taiyaki, stumptown four loko.</p>
<!-- /wp:paragraph -->

<!-- wp:paragraph -->
<p>Hammock franzen brooklyn hoodie actually swag blog salvia disrupt. Roof party viral hell of normcore raw denim helvetica thundercats hashtag cold-pressed messenger bag try-hard lo-fi. Synth austin ennui try-hard. Cardigan yuccie post-ironic scenester sriracha, af freegan pitchfork DIY butcher coloring book PBR&amp;B kogi microdosing shabby chic. Tbh paleo typewriter farm-to-table, franzen bitters pug sriracha snackwave crucifix fixie stumptown unicorn succulents. Beard man bun seitan tilde blue bottle, small batch before they sold out woke snackwave pour-over humblebrag austin.</p>
<!-- /wp:paragraph -->

<!-- wp:paragraph -->
<p>Before they sold out cray blog echo park 90's af. Flexitarian copper mug pitchfork keytar, mlkshk retro chambray migas hell of banjo swag next level mumblecore. Yuccie jianbing literally cronut brunch PBR&amp;B. Chia squid before they sold out offal photo booth keffiyeh, fanny pack vegan franzen food truck locavore migas coloring book. Shoreditch leggings tbh whatever hashtag synth. Succulents tousled single-origin coffee small batch quinoa, lyft salvia letterpress. Migas artisan aesthetic mlkshk.</p>
<!-- /wp:paragraph -->

<!-- wp:paragraph -->
<p>Meditation salvia yuccie woke poutine locavore sriracha prism iPhone activated charcoal. Try-hard subway tile prism cliche taxidermy flannel kale chips +1 locavore activated charcoal sriracha listicle. Fanny pack godard adaptogen, plaid craft beer dreamcatcher crucifix. Dreamcatcher roof party meh slow-carb, hexagon tbh succulents retro tofu ethical street art synth kale chips schlitz whatever. Chambray yr kombucha tote bag. Austin narwhal keffiyeh four loko, vegan typewriter authentic godard williamsburg kinfolk chia. Synth vexillologist helvetica intelligentsia.</p>
<!-- /wp:paragraph -->

<!-- wp:paragraph -->
<p>Mustache tbh portland YOLO, tacos pinterest copper mug twee you probably haven't heard of them mixtape gentrify. Truffaut pour-over drinking vinegar fashion axe stumptown, microdosing chartreuse keffiyeh farm-to-table snackwave cliche. Fanny pack gastropub mustache retro XOXO. Trust fund snackwave taiyaki bespoke 8-bit. La croix venmo helvetica XOXO schlitz farm-to-table letterpress actually lyft asymmetrical fam blue bottle keffiyeh 8-bit chia.</p>
<!-- /wp:paragraph -->]]></content:encoded>
		<excerpt:encoded><![CDATA[]]></excerpt:encoded>
		<wp:post_id>8</wp:post_id>
		<wp:post_date><![CDATA[2022-02-09 21:00:24]]></wp:post_date>
		<wp:post_date_gmt><![CDATA[2022-02-09 21:00:24]]></wp:post_date_gmt>
		<wp:post_modified><![CDATA[2022-02-09 21:00:24]]></wp:post_modified>
		<wp:post_modified_gmt><![CDATA[2022-02-09 21:00:24]]></wp:post_modified_gmt>
		<wp:comment_status><![CDATA[open]]></wp:comment_status>
		<wp:ping_status><![CDATA[open]]></wp:ping_status>
		<wp:post_name><![CDATA[baby-unicorns]]></wp:post_name>
		<wp:status><![CDATA[publish]]></wp:status>
		<wp:post_parent>0</wp:post_parent>
		<wp:menu_order>0</wp:menu_order>
		<wp:post_type><![CDATA[post]]></wp:post_type>
		<wp:post_password><![CDATA[]]></wp:post_password>
		<wp:is_sticky>0</wp:is_sticky>
										<category domain="category" nicename="uncategorized"><![CDATA[Uncategorized]]></category>
						</item>
					<item>
		<title><![CDATA[Kombucha]]></title>
		<link>http://crash-course-site.local/kombucha/</link>
		<pubDate>Wed, 09 Feb 2022 21:00:49 +0000</pubDate>
		<dc:creator><![CDATA[adming]]></dc:creator>
		<guid isPermaLink="false">https://myremixapp.wpengine.com/?p=7</guid>
		<description></description>
		<content:encoded><![CDATA[<!-- wp:paragraph -->
<p>Kombucha fixie polaroid, XOXO cred mustache jean shorts mlkshk heirloom. Cliche stumptown tote bag normcore cronut helvetica plaid VHS man braid poutine gastropub vexillologist salvia yuccie. Distillery kogi food truck jean shorts coloring book, live-edge hella. Cray iPhone roof party before they sold out authentic shaman. Cloud bread ennui four dollar toast slow-carb meggings occupy, put a bird on it art party hot chicken quinoa kogi cold-pressed 3 wolf moon. Organic bespoke bitters cronut, XOXO kinfolk roof party hashtag man bun. Seitan vexillologist knausgaard mlkshk bicycle rights kogi.</p>
<!-- /wp:paragraph -->

<!-- wp:paragraph -->
<p>Sartorial occupy taxidermy keytar cred humblebrag biodiesel tattooed cray hella normcore next level. Beard wolf vape activated charcoal drinking vinegar waistcoat try-hard art party, paleo slow-carb distillery ethical. Pok pok beard gastropub, actually everyday carry taxidermy sartorial lyft fam dreamcatcher pour-over flexitarian succulents woke neutra. Freegan etsy 3 wolf moon kinfolk drinking vinegar. Unicorn biodiesel hexagon semiotics 3 wolf moon celiac.</p>
<!-- /wp:paragraph -->

<!-- wp:paragraph -->
<p>Salvia chambray crucifix master cleanse, deep v plaid tattooed 90's trust fund franzen. Twee locavore bespoke, farm-to-table enamel pin vegan street art stumptown gluten-free butcher lomo normcore fam fingerstache pitchfork. Man bun art party artisan lo-fi portland heirloom. Pickled tumblr bitters authentic, fingerstache iceland cardigan helvetica schlitz. You probably haven't heard of them schlitz chia, whatever meggings hell of pinterest stumptown small batch fixie roof party keytar enamel pin microdosing flannel. Tote bag keffiyeh celiac kitsch flannel meditation hashtag lumbersexual ramps intelligentsia air plant. La croix sartorial portland, pork belly vinyl fingerstache YOLO tote bag waistcoat hell of tumeric pabst drinking vinegar twee.</p>
<!-- /wp:paragraph -->

<!-- wp:paragraph -->
<p>Hashtag poke hoodie, mixtape bushwick forage retro man braid bitters leggings PBR&amp;B narwhal wolf austin before they sold out. Microdosing unicorn portland, fanny pack distillery swag pop-up blue bottle. Biodiesel waistcoat palo santo mixtape. Cray hella letterpress marfa venmo literally tumeric pork belly roof party yr master cleanse selvage lo-fi. Jianbing church-key trust fund, 8-bit sriracha before they sold out neutra ramps air plant farm-to-table live-edge franzen tilde selvage distillery. Franzen air plant kale chips, vape crucifix synth taxidermy iPhone four dollar toast pop-up tattooed. La croix migas polaroid, salvia authentic hashtag four loko post-ironic distillery squid.</p>
<!-- /wp:paragraph -->

<!-- wp:paragraph -->
<p>Copper mug raw denim adaptogen etsy twee pop-up church-key affogato cliche actually aesthetic. Poke messenger bag irony chambray jean shorts wayfarers, pok pok coloring book yuccie. Poutine readymade humblebrag keffiyeh kogi lomo schlitz poke. Sartorial chartreuse lumbersexual thundercats hell of. Edison bulb YOLO kickstarter ethical, iceland stumptown subway tile chambray hella. Enamel pin banjo mumblecore biodiesel, hexagon tattooed fanny pack brunch lumbersexual DIY food truck raclette disrupt.</p>
<!-- /wp:paragraph -->

<!-- wp:paragraph -->
<p>Edison bulb austin poke activated charcoal cronut, jean shorts next level cold-pressed yr drinking vinegar taiyaki freegan shaman vice umami. Shabby chic venmo unicorn shoreditch. Banh mi plaid beard stumptown. Ramps tumblr slow-carb PBR&amp;B kombucha hammock.</p>
<!-- /wp:paragraph -->]]></content:encoded>
		<excerpt:encoded><![CDATA[]]></excerpt:encoded>
		<wp:post_id>9</wp:post_id>
		<wp:post_date><![CDATA[2022-02-09 21:00:49]]></wp:post_date>
		<wp:post_date_gmt><![CDATA[2022-02-09 21:00:49]]></wp:post_date_gmt>
		<wp:post_modified><![CDATA[2022-02-09 21:00:49]]></wp:post_modified>
		<wp:post_modified_gmt><![CDATA[2022-02-09 21:00:49]]></wp:post_modified_gmt>
		<wp:comment_status><![CDATA[open]]></wp:comment_status>
		<wp:ping_status><![CDATA[open]]></wp:ping_status>
		<wp:post_name><![CDATA[kombucha]]></wp:post_name>
		<wp:status><![CDATA[publish]]></wp:status>
		<wp:post_parent>0</wp:post_parent>
		<wp:menu_order>0</wp:menu_order>
		<wp:post_type><![CDATA[post]]></wp:post_type>
		<wp:post_password><![CDATA[]]></wp:post_password>
		<wp:is_sticky>0</wp:is_sticky>
										<category domain="category" nicename="uncategorized"><![CDATA[Uncategorized]]></category>
						</item>
					<item>
		<title><![CDATA[Flannel DIY Fabby Chic]]></title>
		<link>http://crash-course-site.local/flannel-diy-fabby-chic/</link>
		<pubDate>Wed, 09 Feb 2022 21:01:12 +0000</pubDate>
		<dc:creator><![CDATA[adming]]></dc:creator>
		<guid isPermaLink="false">https://myremixapp.wpengine.com/?p=8</guid>
		<description></description>
		<content:encoded><![CDATA[<!-- wp:paragraph -->
<p>Knausgaard flannel DIY shabby chic, unicorn cray tilde freegan pinterest typewriter franzen stumptown fanny pack. Roof party meh readymade distillery irony 90's, occupy listicle salvia narwhal authentic yr. Lomo seitan live-edge, sartorial wayfarers dreamcatcher echo park narwhal celiac drinking vinegar put a bird on it locavore succulents. Knausgaard seitan blue bottle pickled enamel pin butcher you probably haven't heard of them green juice air plant 8-bit subway tile scenester. Cliche banjo tofu af master cleanse disrupt narwhal slow-carb pork belly stumptown cornhole. Mustache quinoa wayfarers, la croix flexitarian crucifix celiac brunch iPhone shabby chic vinyl truffaut. Truffaut heirloom chambray single-origin coffee.</p>
<!-- /wp:paragraph -->

<!-- wp:paragraph -->
<p>I'm baby bitters craft beer gentrify, mumblecore celiac hell of irony. Asymmetrical swag mixtape, cray portland letterpress biodiesel. Forage iPhone slow-carb flexitarian cliche tumeric copper mug tousled aesthetic viral tattooed organic coloring book lomo. Mustache chicharrones artisan gluten-free intelligentsia leggings. Tacos cronut edison bulb, air plant pitchfork narwhal banh mi direct trade. Lumbersexual green juice glossier cold-pressed meh brunch, mixtape pok pok ennui kinfolk gochujang. Locavore skateboard quinoa microdosing franzen gochujang craft beer ugh pickled disrupt.</p>
<!-- /wp:paragraph -->

<!-- wp:paragraph -->
<p>Chillwave chia food truck cray pitchfork snackwave pok pok venmo pour-over. Hammock poke snackwave man braid, raw denim biodiesel live-edge seitan. Ramps truffaut post-ironic, typewriter cloud bread narwhal paleo cray. Readymade cray iceland, selvage vice DIY kitsch echo park pok pok tote bag swag.</p>
<!-- /wp:paragraph -->

<!-- wp:paragraph -->
<p>Bushwick taiyaki flexitarian messenger bag whatever austin. Deep v sustainable neutra roof party helvetica. Retro vegan prism farm-to-table air plant DIY. Af offal fashion axe bushwick disrupt meditation. Vice synth hot chicken, DIY selfies pug irony VHS try-hard prism wayfarers. Hoodie williamsburg offal tote bag. Tumblr yr knausgaard everyday carry green juice polaroid tousled.</p>
<!-- /wp:paragraph -->

<!-- wp:paragraph -->
<p>Twee before they sold out enamel pin pop-up mixtape polaroid cliche leggings hexagon aesthetic hashtag. Next level coloring book poke church-key lyft vinyl. Jean shorts gluten-free blue bottle put a bird on it. Plaid freegan semiotics fam. Yuccie sustainable activated charcoal edison bulb subway tile PBR&amp;B YOLO godard pok pok gluten-free 8-bit pitchfork kombucha waistcoat. Pug subway tile migas air plant mustache cronut leggings.</p>
<!-- /wp:paragraph -->

<!-- wp:paragraph -->
<p>Tote bag +1 small batch polaroid tacos. Jianbing gluten-free woke, prism readymade gastropub four dollar toast salvia tilde master cleanse. Church-key schlitz af direct trade intelligentsia. Bespoke la croix swag artisan, normcore iPhone flexitarian iceland fashion axe pug umami actually vaporware cred.</p>
<!-- /wp:paragraph -->]]></content:encoded>
		<excerpt:encoded><![CDATA[]]></excerpt:encoded>
		<wp:post_id>10</wp:post_id>
		<wp:post_date><![CDATA[2022-02-09 21:01:12]]></wp:post_date>
		<wp:post_date_gmt><![CDATA[2022-02-09 21:01:12]]></wp:post_date_gmt>
		<wp:post_modified><![CDATA[2022-02-09 21:01:12]]></wp:post_modified>
		<wp:post_modified_gmt><![CDATA[2022-02-09 21:01:12]]></wp:post_modified_gmt>
		<wp:comment_status><![CDATA[open]]></wp:comment_status>
		<wp:ping_status><![CDATA[open]]></wp:ping_status>
		<wp:post_name><![CDATA[flannel-diy-fabby-chic]]></wp:post_name>
		<wp:status><![CDATA[publish]]></wp:status>
		<wp:post_parent>0</wp:post_parent>
		<wp:menu_order>0</wp:menu_order>
		<wp:post_type><![CDATA[post]]></wp:post_type>
		<wp:post_password><![CDATA[]]></wp:post_password>
		<wp:is_sticky>0</wp:is_sticky>
										<category domain="category" nicename="uncategorized"><![CDATA[Uncategorized]]></category>
						</item>
					<item>
		<title><![CDATA[Narwal]]></title>
		<link>http://crash-course-site.local/narwal/</link>
		<pubDate>Wed, 09 Feb 2022 21:24:35 +0000</pubDate>
		<dc:creator><![CDATA[adming]]></dc:creator>
		<guid isPermaLink="false">https://myremixapp.wpengine.com/?p=9</guid>
		<description></description>
		<content:encoded><![CDATA[<!-- wp:paragraph -->
<p>Narwhal franzen fixie, pitchfork church-key normcore dreamcatcher YOLO umami celiac art party next level. Shabby chic marfa venmo mixtape. Butcher knausgaard fam post-ironic, PBR&amp;B succulents gentrify skateboard tofu kale chips taxidermy snackwave. Cardigan 8-bit succulents disrupt. Humblebrag street art hella vape, migas four loko health goth kogi paleo succulents.</p>
<!-- /wp:paragraph -->

<!-- wp:image {"id":10,"sizeSlug":"full","linkDestination":"none"} -->
<figure class="wp-block-image size-full"><img src="http://crash-course-site.local/wp-content/uploads/2022/02/7mb04lllbq_Medium_WW248926.jpeg" alt="" class="wp-image-10"/><figcaption>Magical Narwals</figcaption></figure>
<!-- /wp:image -->

<!-- wp:paragraph -->
<p><meta charset="utf-8">Narwhal franzen fixie, pitchfork church-key normcore dreamcatcher YOLO umami celiac art party next level. Shabby chic marfa venmo mixtape. Butcher knausgaard fam post-ironic, PBR&amp;B succulents gentrify skateboard tofu kale chips taxidermy snackwave. Cardigan 8-bit succulents disrupt. Humblebrag street art hella vape, migas four loko health goth kogi paleo succulents.</p>
<!-- /wp:paragraph -->

<!-- wp:paragraph -->
<p>I'm baby typewriter chillwave actually, vegan post-ironic gentrify bushwick XOXO cred glossier. Pour-over ramps succulents, direct trade kogi single-origin coffee food truck fanny pack. Viral kinfolk hot chicken shoreditch bitters truffaut, plaid leggings. Plaid wayfarers vinyl, chia pok pok tofu normcore. Sriracha letterpress selfies food truck. La croix disrupt craft beer, tacos vaporware humblebrag echo park.</p>
<!-- /wp:paragraph -->

<!-- wp:paragraph -->
<p>Cardigan offal poutine wolf, chartreuse schlitz neutra. Pitchfork lumbersexual keytar hashtag. Swag tumblr cold-pressed celiac, beard post-ironic asymmetrical. La croix butcher etsy lomo vinyl cred, mixtape ethical woke four dollar toast tattooed meh.</p>
<!-- /wp:paragraph -->

<!-- wp:paragraph -->
<p>Microdosing cronut brooklyn hell of bicycle rights venmo. Tattooed tumeric subway tile heirloom selfies, lumbersexual bespoke gastropub hell of vape post-ironic yr. Lomo cray chicharrones hell of austin tumblr. Flexitarian health goth thundercats, marfa shoreditch everyday carry pinterest palo santo. Cred wolf thundercats, ethical gentrify 90's tumblr salvia health goth asymmetrical cold-pressed. Coloring book tote bag jean shorts typewriter.</p>
<!-- /wp:paragraph -->

<!-- wp:paragraph -->
<p>Irony shaman beard four loko hella. Vaporware flannel pok pok, cardigan normcore food truck fashion axe. Kogi selvage 8-bit four loko marfa semiotics retro pork belly la croix cold-pressed cornhole chartreuse glossier. Listicle humblebrag hashtag williamsburg etsy photo booth pug. Pickled brooklyn iceland, sustainable try-hard 3 wolf moon activated charcoal microdosing hoodie craft beer dreamcatcher vinyl forage.</p>
<!-- /wp:paragraph -->

<!-- wp:paragraph -->
<p>+1 bicycle rights iceland hella, viral vaporware banjo four dollar toast forage cold-pressed ethical XOXO migas flannel. Mixtape echo park aesthetic pitchfork. Literally keytar woke, lumbersexual snackwave bushwick trust fund gentrify VHS neutra tumblr cardigan. Chartreuse asymmetrical photo booth chicharrones health goth migas biodiesel craft beer activated charcoal put a bird on it. Normcore tote bag cray craft beer portland tumeric ramps vape lomo. Deep v typewriter gastropub heirloom copper mug keffiyeh vinyl venmo lyft.</p>
<!-- /wp:paragraph -->]]></content:encoded>
		<excerpt:encoded><![CDATA[]]></excerpt:encoded>
		<wp:post_id>11</wp:post_id>
		<wp:post_date><![CDATA[2022-02-09 21:24:35]]></wp:post_date>
		<wp:post_date_gmt><![CDATA[2022-02-09 21:24:35]]></wp:post_date_gmt>
		<wp:post_modified><![CDATA[2022-02-09 21:24:35]]></wp:post_modified>
		<wp:post_modified_gmt><![CDATA[2022-02-09 21:24:35]]></wp:post_modified_gmt>
		<wp:comment_status><![CDATA[open]]></wp:comment_status>
		<wp:ping_status><![CDATA[open]]></wp:ping_status>
		<wp:post_name><![CDATA[narwal]]></wp:post_name>
		<wp:status><![CDATA[publish]]></wp:status>
		<wp:post_parent>0</wp:post_parent>
		<wp:menu_order>0</wp:menu_order>
		<wp:post_type><![CDATA[post]]></wp:post_type>
		<wp:post_password><![CDATA[]]></wp:post_password>
		<wp:is_sticky>0</wp:is_sticky>
										<category domain="category" nicename="uncategorized"><![CDATA[Uncategorized]]></category>
						<wp:postmeta>
		<wp:meta_key><![CDATA[_thumbnail_id]]></wp:meta_key>
		<wp:meta_value><![CDATA[12]]></wp:meta_value>
		</wp:postmeta>
							</item>
					<item>
		<title><![CDATA[Male narwhals in Admiralty Inlet, Nunavut, Canada]]></title>
		<link>http://crash-course-site.local/narwal/male-narwhals-in-admiralty-inlet-nunavut-canada/</link>
		<pubDate>Thu, 10 Feb 2022 16:16:04 +0000</pubDate>
		<dc:creator><![CDATA[adming]]></dc:creator>
		<guid isPermaLink="false">http://crash-course-site.local/wp-content/uploads/2022/02/7mb04lllbq_Medium_WW248926.jpeg</guid>
		<description></description>
		<content:encoded><![CDATA[]]></content:encoded>
		<excerpt:encoded><![CDATA[Male narwhals (Monodon monoceros) caress one another with their tusks in Admiralty Inlet, Nunavut, Canada.]]></excerpt:encoded>
		<wp:post_id>12</wp:post_id>
		<wp:post_date><![CDATA[2022-02-10 16:16:04]]></wp:post_date>
		<wp:post_date_gmt><![CDATA[2022-02-10 16:16:04]]></wp:post_date_gmt>
		<wp:post_modified><![CDATA[2022-02-10 16:16:04]]></wp:post_modified>
		<wp:post_modified_gmt><![CDATA[2022-02-10 16:16:04]]></wp:post_modified_gmt>
		<wp:comment_status><![CDATA[open]]></wp:comment_status>
		<wp:ping_status><![CDATA[closed]]></wp:ping_status>
		<wp:post_name><![CDATA[male-narwhals-in-admiralty-inlet-nunavut-canada]]></wp:post_name>
		<wp:status><![CDATA[inherit]]></wp:status>
		<wp:post_parent>11</wp:post_parent>
		<wp:menu_order>0</wp:menu_order>
		<wp:post_type><![CDATA[attachment]]></wp:post_type>
		<wp:post_password><![CDATA[]]></wp:post_password>
		<wp:is_sticky>0</wp:is_sticky>
						<wp:attachment_url><![CDATA[http://crash-course-site.local/wp-content/uploads/2022/02/7mb04lllbq_Medium_WW248926.jpeg]]></wp:attachment_url>
											<wp:postmeta>
		<wp:meta_key><![CDATA[_wp_attached_file]]></wp:meta_key>
		<wp:meta_value><![CDATA[2022/02/7mb04lllbq_Medium_WW248926.jpeg]]></wp:meta_value>
		</wp:postmeta>
							<wp:postmeta>
		<wp:meta_key><![CDATA[_wp_attachment_metadata]]></wp:meta_key>
		<wp:meta_value><![CDATA[a:5:{s:5:"width";i:640;s:6:"height";i:480;s:4:"file";s:39:"2022/02/7mb04lllbq_Medium_WW248926.jpeg";s:5:"sizes";a:2:{s:6:"medium";a:4:{s:4:"file";s:39:"7mb04lllbq_Medium_WW248926-300x225.jpeg";s:5:"width";i:300;s:6:"height";i:225;s:9:"mime-type";s:10:"image/jpeg";}s:9:"thumbnail";a:4:{s:4:"file";s:39:"7mb04lllbq_Medium_WW248926-150x150.jpeg";s:5:"width";i:150;s:6:"height";i:150;s:9:"mime-type";s:10:"image/jpeg";}}s:10:"image_meta";a:12:{s:8:"aperture";s:3:"5.6";s:6:"credit";s:13:"Paul  Nicklen";s:6:"camera";s:21:"Canon EOS-1Ds Mark II";s:7:"caption";s:106:"Male narwhals (Monodon monoceros) caress one another with their tusks in Admiralty Inlet, Nunavut, Canada.";s:17:"created_timestamp";s:10:"1152589384";s:9:"copyright";s:56:"Paul Nicklen / National Geographic Creative / WWF-Canada";s:12:"focal_length";s:3:"330";s:3:"iso";s:3:"400";s:13:"shutter_speed";s:9:"0.0015625";s:5:"title";s:49:"Male narwhals in Admiralty Inlet, Nunavut, Canada";s:11:"orientation";s:1:"1";s:8:"keywords";a:0:{}}}]]></wp:meta_value>
		</wp:postmeta>
							</item>
					<item>
		<title><![CDATA[Home]]></title>
		<link>http://crash-course-site.local/home/</link>
		<pubDate>Fri, 01 Apr 2022 16:59:53 +0000</pubDate>
		<dc:creator><![CDATA[adming]]></dc:creator>
		<guid isPermaLink="false">http://crash-course-site.local/home/</guid>
		<description></description>
		<content:encoded><![CDATA[]]></content:encoded>
		<excerpt:encoded><![CDATA[]]></excerpt:encoded>
		<wp:post_id>16</wp:post_id>
		<wp:post_date><![CDATA[2022-04-01 16:59:53]]></wp:post_date>
		<wp:post_date_gmt><![CDATA[2022-04-01 16:59:53]]></wp:post_date_gmt>
		<wp:post_modified><![CDATA[2022-04-01 16:59:53]]></wp:post_modified>
		<wp:post_modified_gmt><![CDATA[2022-04-01 16:59:53]]></wp:post_modified_gmt>
		<wp:comment_status><![CDATA[closed]]></wp:comment_status>
		<wp:ping_status><![CDATA[closed]]></wp:ping_status>
		<wp:post_name><![CDATA[home]]></wp:post_name>
		<wp:status><![CDATA[publish]]></wp:status>
		<wp:post_parent>0</wp:post_parent>
		<wp:menu_order>1</wp:menu_order>
		<wp:post_type><![CDATA[nav_menu_item]]></wp:post_type>
		<wp:post_password><![CDATA[]]></wp:post_password>
		<wp:is_sticky>0</wp:is_sticky>
										<category domain="nav_menu" nicename="main-menu"><![CDATA[main menu]]></category>
						<wp:postmeta>
		<wp:meta_key><![CDATA[_menu_item_type]]></wp:meta_key>
		<wp:meta_value><![CDATA[custom]]></wp:meta_value>
		</wp:postmeta>
							<wp:postmeta>
		<wp:meta_key><![CDATA[_menu_item_menu_item_parent]]></wp:meta_key>
		<wp:meta_value><![CDATA[0]]></wp:meta_value>
		</wp:postmeta>
							<wp:postmeta>
		<wp:meta_key><![CDATA[_menu_item_object_id]]></wp:meta_key>
		<wp:meta_value><![CDATA[16]]></wp:meta_value>
		</wp:postmeta>
							<wp:postmeta>
		<wp:meta_key><![CDATA[_menu_item_object]]></wp:meta_key>
		<wp:meta_value><![CDATA[custom]]></wp:meta_value>
		</wp:postmeta>
							<wp:postmeta>
		<wp:meta_key><![CDATA[_menu_item_target]]></wp:meta_key>
		<wp:meta_value><![CDATA[]]></wp:meta_value>
		</wp:postmeta>
							<wp:postmeta>
		<wp:meta_key><![CDATA[_menu_item_classes]]></wp:meta_key>
		<wp:meta_value><![CDATA[a:1:{i:0;s:0:"";}]]></wp:meta_value>
		</wp:postmeta>
							<wp:postmeta>
		<wp:meta_key><![CDATA[_menu_item_xfn]]></wp:meta_key>
		<wp:meta_value><![CDATA[]]></wp:meta_value>
		</wp:postmeta>
							<wp:postmeta>
		<wp:meta_key><![CDATA[_menu_item_url]]></wp:meta_key>
		<wp:meta_value><![CDATA[/]]></wp:meta_value>
		</wp:postmeta>
							</item>
					<item>
		<title><![CDATA[WP Engine]]></title>
		<link>http://crash-course-site.local/wp-engine/</link>
		<pubDate>Fri, 01 Apr 2022 16:59:53 +0000</pubDate>
		<dc:creator><![CDATA[adming]]></dc:creator>
		<guid isPermaLink="false">http://crash-course-site.local/wp-engine/</guid>
		<description></description>
		<content:encoded><![CDATA[]]></content:encoded>
		<excerpt:encoded><![CDATA[]]></excerpt:encoded>
		<wp:post_id>17</wp:post_id>
		<wp:post_date><![CDATA[2022-04-01 16:59:53]]></wp:post_date>
		<wp:post_date_gmt><![CDATA[2022-04-01 16:59:53]]></wp:post_date_gmt>
		<wp:post_modified><![CDATA[2022-04-01 16:59:53]]></wp:post_modified>
		<wp:post_modified_gmt><![CDATA[2022-04-01 16:59:53]]></wp:post_modified_gmt>
		<wp:comment_status><![CDATA[closed]]></wp:comment_status>
		<wp:ping_status><![CDATA[closed]]></wp:ping_status>
		<wp:post_name><![CDATA[wp-engine]]></wp:post_name>
		<wp:status><![CDATA[publish]]></wp:status>
		<wp:post_parent>0</wp:post_parent>
		<wp:menu_order>1</wp:menu_order>
		<wp:post_type><![CDATA[nav_menu_item]]></wp:post_type>
		<wp:post_password><![CDATA[]]></wp:post_password>
		<wp:is_sticky>0</wp:is_sticky>
										<category domain="nav_menu" nicename="footer"><![CDATA[Footer]]></category>
						<wp:postmeta>
		<wp:meta_key><![CDATA[_menu_item_type]]></wp:meta_key>
		<wp:meta_value><![CDATA[custom]]></wp:meta_value>
		</wp:postmeta>
							<wp:postmeta>
		<wp:meta_key><![CDATA[_menu_item_menu_item_parent]]></wp:meta_key>
		<wp:meta_value><![CDATA[0]]></wp:meta_value>
		</wp:postmeta>
							<wp:postmeta>
		<wp:meta_key><![CDATA[_menu_item_object_id]]></wp:meta_key>
		<wp:meta_value><![CDATA[17]]></wp:meta_value>
		</wp:postmeta>
							<wp:postmeta>
		<wp:meta_key><![CDATA[_menu_item_object]]></wp:meta_key>
		<wp:meta_value><![CDATA[custom]]></wp:meta_value>
		</wp:postmeta>
							<wp:postmeta>
		<wp:meta_key><![CDATA[_menu_item_target]]></wp:meta_key>
		<wp:meta_value><![CDATA[]]></wp:meta_value>
		</wp:postmeta>
							<wp:postmeta>
		<wp:meta_key><![CDATA[_menu_item_classes]]></wp:meta_key>
		<wp:meta_value><![CDATA[a:1:{i:0;s:0:"";}]]></wp:meta_value>
		</wp:postmeta>
							<wp:postmeta>
		<wp:meta_key><![CDATA[_menu_item_xfn]]></wp:meta_key>
		<wp:meta_value><![CDATA[]]></wp:meta_value>
		</wp:postmeta>
							<wp:postmeta>
		<wp:meta_key><![CDATA[_menu_item_url]]></wp:meta_key>
		<wp:meta_value><![CDATA[https://wpengine.com]]></wp:meta_value>
		</wp:postmeta>
							</item>
					<item>
		<title><![CDATA[Developers Site]]></title>
		<link>http://crash-course-site.local/developers-site/</link>
		<pubDate>Fri, 01 Apr 2022 16:59:53 +0000</pubDate>
		<dc:creator><![CDATA[adming]]></dc:creator>
		<guid isPermaLink="false">http://crash-course-site.local/developers-site/</guid>
		<description></description>
		<content:encoded><![CDATA[]]></content:encoded>
		<excerpt:encoded><![CDATA[]]></excerpt:encoded>
		<wp:post_id>18</wp:post_id>
		<wp:post_date><![CDATA[2022-04-01 16:59:53]]></wp:post_date>
		<wp:post_date_gmt><![CDATA[2022-04-01 16:59:53]]></wp:post_date_gmt>
		<wp:post_modified><![CDATA[2022-04-01 16:59:53]]></wp:post_modified>
		<wp:post_modified_gmt><![CDATA[2022-04-01 16:59:53]]></wp:post_modified_gmt>
		<wp:comment_status><![CDATA[closed]]></wp:comment_status>
		<wp:ping_status><![CDATA[closed]]></wp:ping_status>
		<wp:post_name><![CDATA[developers-site]]></wp:post_name>
		<wp:status><![CDATA[publish]]></wp:status>
		<wp:post_parent>0</wp:post_parent>
		<wp:menu_order>2</wp:menu_order>
		<wp:post_type><![CDATA[nav_menu_item]]></wp:post_type>
		<wp:post_password><![CDATA[]]></wp:post_password>
		<wp:is_sticky>0</wp:is_sticky>
										<category domain="nav_menu" nicename="footer"><![CDATA[Footer]]></category>
						<wp:postmeta>
		<wp:meta_key><![CDATA[_menu_item_type]]></wp:meta_key>
		<wp:meta_value><![CDATA[custom]]></wp:meta_value>
		</wp:postmeta>
							<wp:postmeta>
		<wp:meta_key><![CDATA[_menu_item_menu_item_parent]]></wp:meta_key>
		<wp:meta_value><![CDATA[0]]></wp:meta_value>
		</wp:postmeta>
							<wp:postmeta>
		<wp:meta_key><![CDATA[_menu_item_object_id]]></wp:meta_key>
		<wp:meta_value><![CDATA[18]]></wp:meta_value>
		</wp:postmeta>
							<wp:postmeta>
		<wp:meta_key><![CDATA[_menu_item_object]]></wp:meta_key>
		<wp:meta_value><![CDATA[custom]]></wp:meta_value>
		</wp:postmeta>
							<wp:postmeta>
		<wp:meta_key><![CDATA[_menu_item_target]]></wp:meta_key>
		<wp:meta_value><![CDATA[]]></wp:meta_value>
		</wp:postmeta>
							<wp:postmeta>
		<wp:meta_key><![CDATA[_menu_item_classes]]></wp:meta_key>
		<wp:meta_value><![CDATA[a:1:{i:0;s:0:"";}]]></wp:meta_value>
		</wp:postmeta>
							<wp:postmeta>
		<wp:meta_key><![CDATA[_menu_item_xfn]]></wp:meta_key>
		<wp:meta_value><![CDATA[]]></wp:meta_value>
		</wp:postmeta>
							<wp:postmeta>
		<wp:meta_key><![CDATA[_menu_item_url]]></wp:meta_key>
		<wp:meta_value><![CDATA[https://developers.wpengine.com/]]></wp:meta_value>
		</wp:postmeta>
							</item>
					<item>
		<title><![CDATA[Custom Styles]]></title>
		<link>http://crash-course-site.local/wp-global-styles-genesis-block-theme/</link>
		<pubDate>Tue, 29 Mar 2022 14:33:27 +0000</pubDate>
		<dc:creator><![CDATA[adming]]></dc:creator>
		<guid isPermaLink="false">https://myremixapp.wpengine.com/wp-global-styles-genesis-block-theme/</guid>
		<description></description>
		<content:encoded><![CDATA[{"version": 2, "isGlobalStylesUserThemeJSON": true }]]></content:encoded>
		<excerpt:encoded><![CDATA[]]></excerpt:encoded>
		<wp:post_id>25</wp:post_id>
		<wp:post_date><![CDATA[2022-03-29 14:33:27]]></wp:post_date>
		<wp:post_date_gmt><![CDATA[2022-03-29 14:33:27]]></wp:post_date_gmt>
		<wp:post_modified><![CDATA[2022-03-29 14:33:27]]></wp:post_modified>
		<wp:post_modified_gmt><![CDATA[2022-03-29 14:33:27]]></wp:post_modified_gmt>
		<wp:comment_status><![CDATA[closed]]></wp:comment_status>
		<wp:ping_status><![CDATA[closed]]></wp:ping_status>
		<wp:post_name><![CDATA[wp-global-styles-genesis-block-theme]]></wp:post_name>
		<wp:status><![CDATA[publish]]></wp:status>
		<wp:post_parent>0</wp:post_parent>
		<wp:menu_order>0</wp:menu_order>
		<wp:post_type><![CDATA[wp_global_styles]]></wp:post_type>
		<wp:post_password><![CDATA[]]></wp:post_password>
		<wp:is_sticky>0</wp:is_sticky>
										<category domain="wp_theme" nicename="genesis-block-theme"><![CDATA[genesis-block-theme]]></category>
						</item>
					<item>
		<title><![CDATA[Custom Styles]]></title>
		<link>http://crash-course-site.local/wp-global-styles-twentytwentytwo/</link>
		<pubDate>Fri, 01 Apr 2022 17:00:15 +0000</pubDate>
		<dc:creator><![CDATA[adming]]></dc:creator>
		<guid isPermaLink="false">http://crash-course-site.local/wp-global-styles-twentytwentytwo/</guid>
		<description></description>
		<content:encoded><![CDATA[{"version": 2, "isGlobalStylesUserThemeJSON": true }]]></content:encoded>
		<excerpt:encoded><![CDATA[]]></excerpt:encoded>
		<wp:post_id>26</wp:post_id>
		<wp:post_date><![CDATA[2022-04-01 17:00:15]]></wp:post_date>
		<wp:post_date_gmt><![CDATA[2022-04-01 17:00:15]]></wp:post_date_gmt>
		<wp:post_modified><![CDATA[2022-04-01 17:00:15]]></wp:post_modified>
		<wp:post_modified_gmt><![CDATA[2022-04-01 17:00:15]]></wp:post_modified_gmt>
		<wp:comment_status><![CDATA[closed]]></wp:comment_status>
		<wp:ping_status><![CDATA[closed]]></wp:ping_status>
		<wp:post_name><![CDATA[wp-global-styles-twentytwentytwo]]></wp:post_name>
		<wp:status><![CDATA[publish]]></wp:status>
		<wp:post_parent>0</wp:post_parent>
		<wp:menu_order>0</wp:menu_order>
		<wp:post_type><![CDATA[wp_global_styles]]></wp:post_type>
		<wp:post_password><![CDATA[]]></wp:post_password>
		<wp:is_sticky>0</wp:is_sticky>
										<category domain="wp_theme" nicename="twentytwentytwo"><![CDATA[twentytwentytwo]]></category>
						</item>
				</channel>
</rss>
	